,X1,X2,X3,X4,X5
1,HM_VCVM001_HMB_R08_20170802-20170815_file_5_(2017_08_06-06_44_59)_ASWMUX221153_label.CSV,start,stop,NA,NA
2,HM_VHMF001_HTB_R07_20170802-20170815_file_5_(2017_08_06-06_44_59)_ASWMUX221092_label.CSV,start,stop,NA,NA
3,HM_VHMM002_HRT_R09_20170802-20170815_file_5_(2017_08_06-06_44_59)_ASWMUX221110_label.csv,start,stop,NA,NA
4,HM_VHMM003_HLT_R12_20170802-20170815_file_5_(2017_08_06-06_44_59)_ASWMUX221102_label.CSV,start,stop,NA,NA
5,HM_VHMM006_RT_R14_20170802-20170815_file_5_(2017_08_06-06_44_59)_ASWMUX221052_label.CSV,start,stop,NA,NA
6,HM_VHMM007_LT_R11_20170802-20170815_file_5_(2017_08_06-06_44_59)_ASWMUX221163_label.CSV,start,stop,NA,NA
7,HM_VLF206_SOUNDFOC_20170806_1_oor.csv,start,stop,NA,NA
8,HM_VLF206_SOUNDFOC_20170806_2_label.csv,start,stop,stop,NA
9,HM_VLF206_SOUNDFOC_20170806_3_label.csv,start,stop,stop,NA
10,HM_VLF206_SOUNDFOC_20170806_4_label.csv,start,stop,stop,NA
11,HM_VLF206_SOUNDFOC_20170806_5_oor.csv,start,stop,NA,NA
12,HM_VLF206_SOUNDFOC_20170806_6_oor.csv,start,stop,NA,NA
13,HM_VLF206_SOUNDFOC_20170807_1_oor.csv,start,stop,NA,NA
14,HM_VLF206_SOUNDFOC_20170807_2_oor.csv,start,stop,NA,NA
15,HM_VLF206_SOUNDFOC_20170807_3_oor.csv,start,stop,NA,NA
16,HM_VLF206_SOUNDFOC_20170807_4_oor.csv,start,stop,NA,NA
17,HM_VLF206_SOUNDFOC_20170807_5_oor.csv,start,stop,NA,NA
18,HM_VLF206_SOUNDFOC_20170807_6_oor.csv,start,stop,NA,NA
19,HM_VLF206_SOUNDFOC_20170808_1_oor.csv,start,stop,NA,NA
20,HM_VLF206_SOUNDFOC_20170808_2_oor.csv,start,stop,NA,NA
21,HM_VLF206_SOUNDFOC_20170808_3_oor.csv,start,stop,NA,NA
22,HM_VLF206_SOUNDFOC_20170808_4_oor.csv,start,stop,NA,NA
23,HM_VLF206_SOUNDFOC_20170808_5_oor.csv,start,stop,NA,NA
24,HM_VLF206_SOUNDFOC_20170808_6_oor.csv,start,stop,NA,NA
25,HM_VLF206_SOUNDFOC_20170809_1_oor.csv,start,stop,NA,NA
26,HM_VLF206_SOUNDFOC_20170809_2_oor.csv,start,stop,NA,NA
27,HM_VLF206_SOUNDFOC_20170809_3_oor.csv,start,stop,NA,NA
28,HM_VLF206_SOUNDFOC_20170809_4_oor.csv,start,stop,NA,NA
29,HM_VLF206_SOUNDFOC_20170809_5_oor.csv,start,stop,NA,NA
30,HM_VLF206_SOUNDFOC_20170809_6_oor.csv,start,stop,NA,NA
31,HM_VLF206_SOUNDFOC_20170822_1_oor.csv,start,stop,NA,NA
32,HM_VLF206_SOUNDFOC_20170822_2_oor.csv,start,stop,NA,NA
33,HM_VCVM001_HMB_R11_20170821-20170825_file_4_(2017_08_23-06_44_59)_ASWMUX221163_labelSS.csv,start,stop,NA,NA
34,HM_VHMF001_HTB_R14_20170821-20170825_file_4_(2017_08_23-06_44_59)_ASWMUX221052._labelSS.csv,start,stop,NA,NA
35,HM_VHMM002_HRT_R09_20170821-20170825_file_4_(2017_08_23-06_44_59)_ASWMUX221110_LABEL_RY.csv,start,stop,NA,NA
36,HM_VHMM003_SOUNDFOC_20170823_1_oor.csv,start,stop,NA,NA
37,HM_VHMM003_SOUNDFOC_20170823_3_oor.csv,start,stop,NA,NA
38,HM_VHMM006_RT_R12_20170821-20170825_file_4_(2017_08_23-06_44_59)_ASWMUX221102_labelSS.csv,start,stop,NA,NA
39,HM_VHMM007_LT_R07_20170821-20170825_file_4_(2017_08_23-06_44_59)_ASWMUX221092_LABEL_RY.csv,start,stop,NA,NA
40,HM_VLF206_SOUNDFOC_20170823_1_LABEL_RY.csv,start,start,stop,NA
41,HM_VLF206_SOUNDFOC_20170823_2_LABEL_RY.csv,start,start,stop,stop
42,HM_VCVM001_HMB_R11_20170821-20170825_file_5_(2017_08_24-06_44_59)_ASWMUX221163_LABEL_RY.csv,start,stop,NA,NA
43,HM_VHMF001_HTB_R14_20170821-20170825_file_5_(2017_08_24-06_44_59)_ASWMUX221052_LABEL_RY.csv,start,stop,NA,NA
44,HM_VHMM002_HRT_R09_20170821-20170825_file_5_(2017_08_24-06_44_59)_ASWMUX221110_SS.csv,start,stop,NA,NA
45,HM_VHMM003_SOUNDFOC_20170824_2_LABEL_RY.csv,start,start,stop,stop
46,HM_VHMM003_SOUNDFOC_20170824_3_oor.csv,start,stop,NA,NA
47,HM_VHMM006_RT_R12_20170821-20170825_file_5_(2017_08_24-06_44_59)_ASWMUX221102_LABEL_RY.csv,start,stop,NA,NA
48,HM_VHMM007_LT_R07_20170821-20170825_file_5_(2017_08_24-06_44_59)_ASWMUX221092_SS.csv,start,stop,NA,NA
49,HM_VLF206_SOUNDFOC_20170824_1_labelSS.csv,start,start,stop,NA
50,HM_VLF206_SOUNDFOC_20170824_2_labelSS.csv,start,stop,stop,NA
51,HM_VCVM001_HMB_R11_20170821-20170825_file_6_(2017_08_25-06_44_59)_ASWMUX221163_label.csv,start,stop,NA,NA
52,HM_VHMF001_HTB_R14_20170821-20170825_file_6_(2017_08_25-06_44_59)_ASWMUX221052_label.csv,start,stop,NA,NA
53,HM_VHMM002_HRT_R09_20170821-20170825_file_6_(2017_08_25-06_44_59)_ASWMUX221110_label.csv,start,stop,NA,NA
54,HM_VHMM003_SOUNDFOC_20170825_2_label.csv,start,start,stop,stop
55,HM_VHMM003_SOUNDFOC_20170825_3_label.csv,start,stop,NA,NA
56,HM_VHMM003_SOUNDFOC_20170825_4_label.csv,start,NA,NA,NA
57,HM_VHMM006_RT_R12_20170821-20170825_file_6_(2017_08_25-06_44_59)_ASWMUX221102_label.csv,start,stop,NA,NA
58,HM_VHMM007_LT_R07_20170821-20170825_file_6_(2017_08_25-06_44_59)_ASWMUX221092_label.csv,start,stop,NA,NA
59,HM_VLF206_SOUNDFOC_20170825_1_label.csv,start,stop,NA,NA
60,HM_VLF206_SOUNDFOC_20170825_2_label.csv,start,start,stop,stop
61,HM_VCVM001_HMB_R11_20170903-20170908_file_2_(2017_09_03-05_44_59)_ASWMUX221163_SS.csv,start,stop,NA,NA
62,HM_VHMF001_HTB_R14_20170903-20170908_file_2_(2017_09_03-05_44_59)_ASWMUX221052_label.CSV,start,stop,NA,NA
63,HM_VHMM002_HRT_R07_20170903-20170908_file_2_(2017_09_03-05_44_59)_ASWMUX221092_LABEL_RY.csv,start,stop,NA,NA
64,HM_VHMM006_RT_R10_20170903-20170908_file_2_(2017_09_03-05_44_59)_ASWMUX221102_SS.csv,start,stop,NA,NA
65,HM_VHMM007_LT_R09_20170903-20170908_file_2_(2017_09_03-05_44_59)_ASWMUX221110_LABEL_RY.csv,start,stop,NA,NA
66,HM_VLF206_SOUNDFOC_20170903_RY.csv,start,start,stop,stop
67,HM_VHMM003_SOUNDFOC_20170904_1_oor.csv,start,stop,NA,NA
68,HM_VHMM003_SOUNDFOC_20170904_2_oor.csv,start,stop,NA,NA
69,HM_VHMM003_SOUNDFOC_20170904_3_oor.csv,start,stop,NA,NA
70,HM_VLF206_SOUNDFOC_20170904_oor.csv,start,stop,NA,NA
71,HM_VCVM001_HMB_R11_20170903-20170908_file_4_(2017_09_05-05_44_59)_ASWMUX221163_label.csv,start,stop,NA,NA
72,HM_VHMM002_HRT_R07_20170903-20170908_file_4_(2017_09_05-05_44_59)_ASWMUX221092_label.CSV,start,start,stop,stop
73,HM_VHMM003_SOUNDFOC_20170905_2_label.CSV,start,start,stop,stop
74,HM_VHMM003_SOUNDFOC_20170905_3_label.csv,start,stop,NA,NA
75,HM_VHMM003_SOUNDFOC_20170905_4_label.csv,start,stop,stop,NA
76,HM_VHMM006_RT_R10_20170903-20170908_file_4_(2017_09_05-05_44_59)_ASWMUX221102_label.CSV,start,stop,NA,NA
77,HM_VHMM007_LT_R09_20170903-20170908_file_4_(2017_09_05-05_44_59)_ASWMUX221110_label.CSV,start,stop,NA,NA
78,HM_VLF206_SOUNDFOC_20170905_1_labelSS.csv,start,start,stop,NA
79,HM_VLF206_SOUNDFOC_20170905_2_labelSS.csv,start,stop,stop,NA
80,HM_VLF206_SOUNDFOC_20170905_3_oor.csv,start,stop,NA,NA
81,HM_VHMM003_SOUNDFOC_20170906_2_oor.csv,start,stop,NA,NA
82,HM_VHMM003_SOUNDFOC_20170906_3_oor.csv,start,stop,NA,NA
83,HM_VHMM003_SOUNDFOC_20170906_4_oor.csv,start,stop,NA,NA
84,HM_VHMM003_SOUNDFOC_20170906_5_oor.csv,start,stop,NA,NA
85,HM_VHMM003_SOUNDFOC_20170906_6_oor.csv,start,stop,NA,NA
86,HM_VHMM003_SOUNDFOC_20170906_7_oor.csv,start,stop,NA,NA
87,HM_VLF206_SOUNDFOC_20170906_1_oor.csv,start,stop,NA,NA
88,HM_VLF206_SOUNDFOC_20170906_2_oor.csv,start,stop,NA,NA
89,HM_VLF206_SOUNDFOC_20170906_3_oor.csv,start,stop,NA,NA
90,HM_VHMM003_SOUNDFOC_20170907_1_oor.csv,start,stop,NA,NA
91,HM_VHMM003_SOUNDFOC_20170907_2_oor.csv,start,stop,NA,NA
92,HM_VHMM003_SOUNDFOC_20170907_3_oor.csv,start,stop,NA,NA
93,HM_VLF206_SOUNDFOC_20170907_1_oor.csv,start,stop,NA,NA
94,HM_VLF206_SOUNDFOC_20170907_2_oor.csv,start,stop,NA,NA
95,HM_VLF206_SOUNDFOC_20170907_3_oor.csv,start,stop,NA,NA
96,HM_VHMM003_SOUNDFOC_20170908_1_oor.csv,start,stop,NA,NA
97,HM_VHMM003_SOUNDFOC_20170908_2_oor.csv,start,stop,NA,NA
98,HM_VHMM003_SOUNDFOC_20170908_3_oor.csv,start,stop,NA,NA
99,HM_VLF206_SOUNDFOC_20170908_1_oor.csv,start,stop,NA,NA
100,HM_VLF206_SOUNDFOC_20170908_3_oor.csv,start,stop,NA,NA
101,HM_VLF206_SOUNDFOC_20170908_4_oor.csv,start,stop,NA,NA
102,HM_VLF206_SOUNDFOC_20170908_5_oor.csv,start,stop,NA,NA
103,HM_VCVM001_SOUNDFOC_20190623_1_LL_BA.csv,start,start,stop,NA
104,HM_VCVM001_SOUNDFOC_20190623_2_LL_BA.csv,start,stop,stop,NA
105,HM_VCVM001_SOUNDFOC_20190623_3_LL_BA.csv,start,stop,NA,NA
106,HM_VCVM001_SOUNDFOC_20190623_4_LL_BA.csv,start,stop,NA,NA
107,HM_VCVM001_SOUNDFOC_20190623_5_oor.csv,start,NA,NA,NA
108,HM_VHMF001_HTB_R16_20190618-20190629_file_6_(2019_06_23-07_44_59)_235944_HB_BA.csv,start,stop,NA,NA
109,HM_VHMF001_SOUNDFOC_20190623_1_oor.csv,start,stop,NA,NA
110,HM_VHMF001_SOUNDFOC_20190623_2_oor.csv,start,stop,NA,NA
111,HM_VHMF001_SOUNDFOC_20190623_3_oor.csv,start,stop,NA,NA
112,HM_VHMF001_SOUNDFOC_20190623_4_oor.csv,start,stop,NA,NA
113,HM_VHMF010_SOUNDFOC_20190623_LL_BA.csv,start,start,stop,stop
114,HM_VHMF015_RTTB_R25_20190618-20190629_file_6_(2019_06_23-07_44_59)_235944_SE_LL.csv,start,stop,NA,NA
115,HM_VHMF019_MBTB_R13_20190618-20190629_file_6_(2019_06_23-07_44_59)_235944_FG_LL.csv,start,stop,NA,NA
116,HM_VHMF022_MBRS_R23_20190618-20190629_file_6_(2019_06_23-07_44_59)_235944_SE_LL.csv,start,stop,NA,NA
117,HM_VHMF029_TB_R20_20190618-20190629_file_6_(2019_06_23-07_44_59)_235944_JD_LL.csv,start,stop,NA,NA
118,HM_VHMF031_LT_R01_20190618-20190629_file_6_(2019_06_23-07_44_59)_235944_markers_CM_LL.csv,start,stop,NA,NA
119,HM_VHMM007_LSLT_R02_20190618-20190629_file_6_(2019_06_23-07_44_59)_235944_SE_BA.csv,start,stop,NA,NA
120,HM_VHMM014_LSTB_R19_20190618-20190629_file_6_(2019_06_23-07_44_59)_235944_HB_LL.csv,start,stop,NA,NA
121,HM_VHMM016_LTTB_R22_20190618-20190629_file_6_(2019_06_23-07_44_59)_235944_SE_LL.csv,start,stop,NA,NA
122,HM_VHMM017_RSTB_R06_20190618-20190629_file_6_(2019_06_23-07_44_59)_235944_HB_LL.csv,start,stop,NA,NA
123,HM_VHMM021_MBLT_R05_20190618-20190629_file_6_(2019_06_23-07_44_59)_235944_FG_LL.csv,start,stop,NA,NA
124,HM_VCVM001_SOUNDFOC_20190624_1_LL_BA.csv,start,start,stop,NA
125,HM_VCVM001_SOUNDFOC_20190624_2_LL_BA.csv,start,stop,NA,NA
126,HM_VCVM001_SOUNDFOC_20190624_3_LL_BA.csv,start,stop,NA,NA
127,HM_VCVM001_SOUNDFOC_20190624_4_LL_BA.csv,start,stop,NA,NA
128,HM_VCVM001_SOUNDFOC_20190624_5_LL_BA.csv,start,stop,stop,NA
129,HM_VCVM001_SOUNDFOC_20190624_6_oor.csv,start,stop,NA,NA
130,HM_VCVM001_SOUNDFOC_20190624_7_oor.csv,start,stop,NA,NA
131,HM_VHMF001_HTB_R16_20190618-20190629_file_7_(2019_06_24-07_44_59)_245944_LL_BA.csv,start,stop,NA,NA
132,HM_VHMF001_SOUNDFOC_20190624_1_oor.csv,start,stop,NA,NA
133,HM_VHMF001_SOUNDFOC_20190624_2_oor.csv,start,stop,NA,NA
134,HM_VHMF001_SOUNDFOC_20190624_3_oor.csv,start,stop,NA,NA
135,HM_VHMF001_SOUNDFOC_20190624_4_oor.csv,start,stop,NA,NA
136,HM_VHMF001_SOUNDFOC_20190624_5_oor.csv,start,stop,NA,NA
137,HM_VHMF001_SOUNDFOC_20190624_6_oor.csv,start,stop,NA,NA
138,HM_VHMF001_SOUNDFOC_20190624_7_oor.csv,start,stop,NA,NA
139,HM_VHMF001_SOUNDFOC_20190624_8_oor.csv,start,stop,NA,NA
140,HM_VHMF001_SOUNDFOC_20190624_9_oor.csv,start,stop,NA,NA
141,HM_VHMF015_RTTB_R25_20190618-20190629_file_7_(2019_06_24-07_44_59)_245944_HB_BA.csv,start,stop,NA,NA
142,HM_VHMF019_MBTB_R13_20190618-20190629_file_7_(2019_06_24-07_44_59)_245944_SE_BA.csv,start,stop,NA,NA
143,HM_VHMF022_MBRS_R23_20190618-20190629_file_7_(2019_06_24-07_44_59)_24594_SE_BA.csv,start,stop,NA,NA
144,HM_VHMF022_SOUNDFOC_20190624_oor.csv,start,stop,NA,NA
145,HM_VHMF029_TB_R20_20190618-20190629_file_7_(2019_06_24-07_44_59)_245944_CM_VD.csv,start,stop,NA,NA
146,HM_VHMF031_LT_R01_20190618-20190629_file_7_(2019_06_24-07_44_59)_245944_JD_LL.csv,start,stop,NA,NA
147,HM_VHMM007_LSLT_R02_20190618-20190629_file_7_(2019_06_24-07_44_59)_245944_HB_BA.csv,start,stop,NA,NA
148,HM_VHMM008_SHTB_R12_20190618-20190629_file_7_(2019_06_24-07_44_59)_245944_HB_BA.csv,start,stop,NA,NA
149,HM_VHMM014_LSTB_R19_20190618-20190629_file_7_(2019_06_24-07_44_59)_245944_HB_BA.csv,start,stop,NA,NA
150,HM_VHMM016_LTTB_R22_20190618-20190629_file_7_(2019_06_24-07_44_59)_245944_SE_BA.csv,start,stop,NA,NA
151,HM_VHMM017_RSTB_R06_20190618-20190629_file_7_(2019_06_24-07_44_59)_245944_SE_BA.csv,start,stop,NA,NA
152,HM_VHMM021_MBLT_R05_20190618-20190629_file_7_(2019_06_24-07_44_59)_245944_SE_BA.csv,start,stop,NA,NA
153,HM_VCVM001_SOUNDFOC_20190625_1_oor.csv,start,stop,NA,NA
154,HM_VCVM001_SOUNDFOC_20190625_2_LL_BA.csv,start,start,stop,NA
155,HM_VCVM001_SOUNDFOC_20190625_3_LL_BA.csv,start,stop,NA,NA
156,HM_VCVM001_SOUNDFOC_20190625_4_LL_BA.csv,start,stop,stop,NA
157,HM_VCVM001_SOUNDFOC_20190625_5_oor.csv,start,stop,NA,NA
158,HM_VHMF001_HTB_R16_20190618-20190629_file_8_(2019_06_25-07_44_59)_255944_SE_BA.csv,start,stop,NA,NA
159,HM_VHMF001_SOUNDFOC_20190625_1_oor.csv,start,stop,NA,NA
160,HM_VHMF001_SOUNDFOC_20190625_2_oor.csv,start,stop,NA,NA
161,HM_VHMF015_RTTB_R25_20190618-20190629_file_8_(2019_06_25-07_44_59)_255944_LL_BA.csv,start,stop,NA,NA
162,HM_VHMF019_MBTB_R13_20190618-20190629_file_8_(2019_06_25-07_44_59)_255944_HB_BA.csv,start,stop,NA,NA
163,HM_VHMF022_MBRS_R23_20190618-20190629_file_8_(2019_06_25-07_44_59)_255944_HB_BA.csv,start,stop,NA,NA
164,HM_VHMF029_TB_R20_20190618-20190629_file_8_(2019_06_25-07_44_59)_255944_LL_VD.csv,start,stop,NA,NA
165,HM_VHMF031_LT_R01_20190618-20190629_file_8_(2019_06_25-07_44_59)_255944_LL_VD.csv,start,stop,NA,NA
166,HM_VHMM007_LSLT_R02_20190618-20190629_file_8_(2019_06_25-07_44_59)_255944_LL_BA.csv,start,stop,NA,NA
167,HM_VHMM008_SHTB_R12_20190618-20190629_file_8_(2019_06_25-07_44_59)_255944_SE_BA.csv,start,stop,NA,NA
168,HM_VHMM014_LSTB_R19_20190618-20190629_file_8_(2019_06_25-07_44_59)_255944_SE_BA.csv,start,stop,NA,NA
169,HM_VHMM016_LTTB_R22_20190618-20190629_file_8_(2019_06_25-07_44_59)_255944_HB_BA.csv,start,stop,NA,NA
170,HM_VHMM017_RSTB_R06_20190618-20190629_file_8_(2019_06_25-07_44_59)_255944_LL_BA.csv,start,stop,NA,NA
171,HM_VHMM021_MBLT_R05_20190618-20190629_file_8_(2019_06_25-07_44_59)_255944_HB_BA.csv,start,stop,NA,NA
172,HM_VCVM001_SOUNDFOC_20190626_1_oor.csv,start,stop,NA,NA
173,HM_VCVM001_SOUNDFOC_20190626_2_SE_BA.csv,start,start,stop,NA
174,HM_VCVM001_SOUNDFOC_20190626_3_SE_BA.csv,start,stop,stop,NA
175,HM_VCVM001_SOUNDFOC_20190626_4_oor.csv,start,stop,NA,NA
176,HM_VHMF001_HTB_R16_20190618-20190629_file_9_(2019_06_26-07_44_59)_265944_HB_BA.csv,start,stop,NA,NA
177,HM_VHMF001_SOUNDFOC_20190626_oor.csv,start,stop,NA,NA
178,HM_VHMF015_RTTB_R25_20190618-20190629_file_9_(2019_06_26-07_44_59)_265944_CM_BA.csv,start,stop,NA,NA
179,HM_VHMF019_MBTB_R13_20190618-20190629_file_9_(2019_06_26-07_44_59)_265944_JD_BA.csv,start,stop,NA,NA
180,HM_VHMF022_MBRS_R23_20190618-20190629_file_9_(2019_06_26-07_44_59)_265944_JD_BA.csv,start,stop,NA,NA
181,HM_VHMF029_TB_R20_20190618-20190629_file_9_(2019_06_26-07_44_59)_265944_LL_VD.csv,start,stop,NA,NA
182,HM_VHMF031_LT_R01_20190618-20190629_file_9_(2019_06_26-07_44_59)_265944_LL_VD.csv,start,stop,NA,NA
183,HM_VHMM007_LSLT_R02_20190618-20190629_file_9_(2019_06_26-07_44_59)_265944_SE_BA.csv,start,stop,NA,NA
184,HM_VHMM008_SHTB_R12_20190618-20190629_file_9_(2019_06_26-07_44_59)_265944_HB_BA.csv,start,stop,NA,NA
185,HM_VHMM008_SOUNDFOC_20190626_1_oor.csv,start,stop,NA,NA
186,HM_VHMM008_SOUNDFOC_20190626_2_oor.csv,start,stop,NA,NA
187,HM_VHMM008_SOUNDFOC_20190626_3_oor.csv,start,stop,NA,NA
188,HM_VHMM014_LSTB_R19_20190618-20190629_file_9_(2019_06_26-07_44_59)_265944_JD_BA.csv,start,stop,NA,NA
189,HM_VHMM016_LTTB_R22_20190618-20190629_file_9_(2019_06_26-07_44_59)_265944_CM_BA.csv,start,stop,NA,NA
190,HM_VHMM017_RSTB_R06_20190618-20190629_file_9_(2019_06_26-07_44_59)_265944_JD_BA.csv,start,stop,NA,NA
191,HM_VHMM021_MBLT_R05_20190618-20190629_file_9_(2019_06_26-07_44_59)_265944_JD_BA.csv,start,stop,NA,NA
192,HM_VCVM001_SOUNDFOC_20190627_1_oor.csv,start,stop,NA,NA
193,HM_VCVM001_SOUNDFOC_20190627_2_oor.csv,start,stop,NA,NA
194,HM_VCVM001_SOUNDFOC_20190627_3_SE_BA.csv,start,start,stop,stop
195,HM_VCVM001_SOUNDFOC_20190627_4_SE_BA.csv,start,stop,stop,NA
196,HM_VHMF001_HTB_R16_20190618-20190629_file_10_(2019_06_27-07_44_59)_275944_SE_BA.csv,start,stop,NA,NA
197,HM_VHMF001_SOUNDFOC_20190627_1_oor.csv,start,stop,NA,NA
198,HM_VHMF001_SOUNDFOC_20190627_2_oor.csv,start,stop,NA,NA
199,HM_VHMF001_SOUNDFOC_20190627_3_oor.csv,start,stop,NA,NA
200,HM_VHMF015_RTTB_R25_20190618-20190629_file_10_(2019_06_27-07_44_59)_275944_LL_BA.csv,start,stop,NA,NA
201,HM_VHMF019_MBTB_R13_20190618-20190629_file_10_(2019_06_27-07_44_59)_275944_JD_BA.csv,start,stop,NA,NA
202,HM_VHMF022_MBRS_R23_20190618-20190629_file_10_(2019_06_27-07_44_59)_275944_CM_BA.csv,start,stop,NA,NA
203,HM_VHMF029_TB_R20_20190618-20190629_file_10_(2019_06_27-07_44_59)_275944_LL_VD.csv,start,stop,NA,NA
204,HM_VHMF031_LT_R01_20190618-20190629_file_10_(2019_06_27-07_44_59)_275944_LL_VD.csv,start,stop,NA,NA
205,HM_VHMM007_LSLT_R02_20190618-20190629_file_10_(2019_06_27-07_44_59)_275944_SE_BA.csv,start,stop,NA,NA
206,HM_VHMM008_SHTB_R12_20190618-20190629_file_10_(2019_06_27-07_44_59)_275944_SE_BA.csv,start,stop,NA,NA
207,HM_VHMM008_SOUNDFOC_20190627_oor.csv,start,stop,NA,NA
208,HM_VHMM014_LSTB_R19_20190618-20190629_file_10_(2019_06_27-07_44_59)_275944_SE_VD.csv,start,stop,NA,NA
209,HM_VHMM016_LTTB_R22_20190618-20190629_file_10_(2019_06_27-07_44_59)_275944_LL_BA.csv,start,stop,NA,NA
210,HM_VHMM017_RSTB_R06_20190618-20190629_file_10_(2019_06_27-07_44_59)_275944_JD_BA.csv,start,stop,NA,NA
211,HM_VHMM021_MBLT_R05_20190618-20190629_file_10_(2019_06_27-07_44_59)_275944_CM_BA.csv,start,stop,NA,NA
212,HM_VCVM001_SOUNDFOC_20190628_1_oor.csv,start,stop,NA,NA
213,HM_VCVM001_SOUNDFOC_20190628_2_SE_BA.csv,start,start,stop,stop
214,HM_VHMF001_SOUNDFOC_20190628_1_oor.csv,start,stop,NA,NA
215,HM_VHMF001_SOUNDFOC_20190628_2_oor.csv,start,stop,NA,NA
216,HM_VHMF001_SOUNDFOC_20190628_3_oor.csv,start,stop,NA,NA
217,HM_VHMF010_SOUNDFOC_20190628_oor.csv,start,stop,NA,NA
218,HM_VHMF015_RTTB_R25_20190618-20190629_file_11_(2019_06_28-07_44_59)_285944_CM_BA.csv,start,stop,NA,NA
219,HM_VHMF019_MBTB_R13_20190618-20190629_file_11_(2019_06_28-07_44_59)_285944_LL_BA.csv,start,stop,NA,NA
220,HM_VHMF022_MBRS_R23_20190618-20190629_file_11_(2019_06_28-07_44_59)_285944_JD_BA.csv,start,stop,NA,NA
221,HM_VHMF029_TB_R20_20190618-20190629_file_11_(2019_06_28-07_44_59)_285944_LL_VD.csv,start,stop,NA,NA
222,HM_VHMF031_LT_R01_20190618-20190629_file_11_(2019_06_28-07_44_59)_285944_LL_VD.csv,start,stop,NA,NA
223,HM_VHMM014_LSTB_R19_20190618-20190629_file_11_(2019_06_28-07_44_59)_285944_LL_BA.csv,start,stop,NA,NA
224,HM_VHMM016_LTTB_R22_20190618-20190629_file_11_(2019_06_28-07_44_59)_285944_CM_VD.csv,start,stop,NA,NA
225,HM_VHMM017_RSTB_R06_20190618-20190629_file_11_(2019_06_28-07_44_59)_285944_SE_BA.csv,start,stop,NA,NA
226,HM_VHMM021_MBLT_R05_20190618-20190629_file_11_(2019_06_28-07_44_59)_285944_JD_BA.csv,start,stop,NA,NA
227,HM_VCVM001_SOUNDFOC_20190712_1_BA.csv,start,stop,NA,NA
228,HM_VCVM001_SOUNDFOC_20190712_2_BA.csv,start,stop,NA,NA
229,HM_VHMF001_HTB_R20_20190707-20190719_file_6_(2019_07_12-11_44_59)_125944_BA.csv,start,stop,NA,NA
230,HM_VHMF010_SOUNDFOC_20190712_BA.csv,start,stop,NA,NA
231,HM_VHMF015_RTTB_R05_20190707-20190719_file_6_(2019_07_12-11_44_59)_125944_BA.csv,start,stop,NA,NA
232,HM_VHMF019_MBTB_R25_20190707-20190719_file_6_(2019_07_12-11_44_59)_125944_FG_BA.csv,start,stop,NA,NA
233,HM_VHMF022_MBRS_R22_20190707-20190719_file_6_(2019_07_12-11_44_59)_125944_FG_BA.csv,start,stop,NA,NA
234,HM_VHMF030_RT_R07_20190707-20190719_file_6_(2019_07_12-11_44_59)_125944_JD_VD.csv,start,stop,NA,NA
235,HM_VHMM007_LSLT_R17_20190707-20190719_file_6_(2019_07_12-11_44_59)_125944_FG_BA.csv,start,stop,NA,NA
236,HM_VHMM008_SHTB_R14_20190707-20190719_file_6_(2019_07_12-11_44_59)_125944_FG_VD.csv,start,stop,NA,NA
237,HM_VHMM014_LSTB_R19_20190707-20190719_file_6_(2019_07_12-11_44_59)_125944_LL_BA.csv,start,stop,NA,NA
238,HM_VHMM017_RSTB_R23_20190708-20190720_file_6_(2019_07_12-11_44_59)_125944_LL_BA.csv,start,stop,NA,NA
239,HM_VHMM021_MBLT_R01_20190707-20190719_file_6_(2019_07_12-11_44_59)_125944_LL_VD.csv,start,stop,NA,NA
240,HM_VHMM023_MBLS_R02_20190707-20190719_file_6_(2019_07_12-11_44_59)_125944_HB_BA.csv,start,stop,NA,NA
241,HM_VHMM032_RS_R15_20190707-20190719_file_6_(2019_07_12-11_44_59)_125944_JD_VD.csv,start,stop,NA,NA
242,HM_VCVM001_SOUNDFOC_20190713_1_BA.csv,start,start,stop,NA
243,HM_VCVM001_SOUNDFOC_20190713_2_oor.csv,start,stop,stop,NA
244,HM_VHMF001_HTB_R20_20190707-20190719_file_7_(2019_07_13-11_44_59)_135944_LL_BA.csv,start,stop,NA,NA
245,HM_VHMF010_SOUNDFOC_20190713_BA.csv,start,start,stop,stop
246,HM_VHMF015_RTTB_R05_20190707-20190719_file_7_(2019_07_13-11_44_59)_135944_HB_BA.csv,start,stop,stop,stop
247,HM_VHMF019_MBTB_R25_20190707-20190719_file_7_(2019_07_13-11_44_59)_135944_LL_VD.csv,start,stop,NA,NA
248,HM_VHMF022_MBRS_R22_20190707-20190719_file_7_(2019_07_13-11_44_59)_135944_LL_VD.csv,start,stop,NA,NA
249,HM_VHMF030_RT_R07_20190707-20190719_file_7_(2019_07_13-11_44_59)_135944_SK_VD.csv,start,stop,NA,NA
250,HM_VHMM007_LSLT_R17_20190707-20190719_file_7_(2019_07_13-11_44_59)_135944_HB_BA.csv,start,stop,NA,NA
251,HM_VHMM008_SHTB_R14_20190707-20190719_file_7_(2019_07_13-11_44_59)_135944_HB_BA.csv,start,stop,NA,NA
252,HM_VHMM016_LTTB_R29_20190707-20190719_file_7_(2019_07_13-11_44_59)_135944_HB_BA.csv,start,stop,NA,NA
253,HM_VHMM017_RSTB_R23_20190708-20190720_file_7_(2019_07_13-11_44_59)_135944_LL_VD.csv,start,start,stop,stop
254,HM_VHMM021_MBLT_R01_20190707-20190719_file_7_(2019_07_13-11_44_59)_135944_LL_VD.csv,start,stop,NA,NA
255,HM_VHMM023_MBLS_R02_20190707-20190719_file_7_(2019_07_13-11_44_59)_135944_HB_BA.csv,start,stop,NA,NA
256,HM_VHMM032_RS_R15_20190707-20190719_file_7_(2019_07_13-11_44_59)_135944_SK_VD.csv,start,stop,NA,NA
257,HM_VCVM001_SOUNDFOC_20190714_1_BA.csv,start,start,stop,stop
258,HM_VCVM001_SOUNDFOC_20190714_2_oor.csv,start,stop,NA,NA
259,HM_VCVM001_SOUNDFOC_20190714_3_oor.csv,start,stop,NA,NA
260,HM_VHMF001_HTB_R20_20190707-20190719_file_8_(2019_07_14-11_44_59)_145944_LL_VD.csv,start,stop,stop,NA
261,HM_VHMF010_SOUNDFOC_20190714_BA.csv,start,start,stop,stop
262,HM_VHMF015_RTTB_R05_20190707-20190719_file_8_(2019_07_14-11_44_59)_145944_BE_VD.csv,start,stop,NA,NA
263,HM_VHMF019_MBTB_R25_20190707-20190719_file_8_(2019_07_14-11_44_59)_145944_HB_VD.csv,start,stop,NA,NA
264,HM_VHMF022_MBRS_R22_20190707-20190719_file_8_(2019_07_14-11_44_59)_145944_BE_VD.csv,start,stop,NA,NA
265,HM_VHMF030_RT_R07_20190707-20190719_file_8_(2019_07_14-11_44_59)_145944_JD_VD.csv,start,stop,NA,NA
266,HM_VHMM007_LSLT_R17_20190707-20190719_file_8_(2019_07_14-11_44_59)_145944_BE_VD.csv,start,stop,NA,NA
267,HM_VHMM008_SHTB_R14_20190707-20190719_file_8_(2019_07_14-11_44_59)_145944_BE_VD.csv,start,start,stop,stop
268,HM_VHMM014_LSTB_R19_20190707-20190719_file_8_(2019_07_14-11_44_59)_145944_BE_VD.csv,start,stop,NA,NA
269,HM_VHMM017_RSTB_R23_20190708-20190720_file_8_(2019_07_14-11_44_59)_145944_HB_VD.csv,start,stop,NA,NA
270,HM_VHMM021_MBLT_R01_20190707-20190719_file_8_(2019_07_14-11_44_59)_145944_HB_VD.csv,start,stop,NA,NA
271,HM_VHMM023_MBLS_R02_20190707-20190719_file_8_(2019_07_14-11_44_59)_145944_LL_VD.csv,start,stop,NA,NA
272,HM_VHMM032_RS_R15_20190707-20190719_file_8_(2019_07_14-11_44_59)_145944_LL_VD.csv,start,stop,NA,NA
273,HM_VCVM001_SOUNDFOC_20190715_1_BA.csv,start,start,stop,stop
274,HM_VCVM001_SOUNDFOC_20190715_2_oor.csv,start,stop,NA,NA
275,HM_VHMF001_HTB_R20_20190707-20190719_file_9_(2019_07_15-11_44_59)_155944_HB_VD.csv,start,stop,NA,NA
276,HM_VHMF010_SOUNDFOC_20190715_BA.csv,start,stop,NA,NA
277,HM_VHMF015_RTTB_R05_20190707-20190719_file_9_(2019_07_15-11_44_59)_155944_HB_VD.csv,start,stop,NA,NA
278,HM_VHMF019_MBTB_R25_20190707-20190719_file_9_(2019_07_15-11_44_59)_155944_LL_VD.csv,start,stop,NA,NA
279,HM_VHMF022_MBRS_R22_20190707-20190719_file_9_(2019_07_15-11_44_59)_155944_LL_VD.csv,start,stop,NA,NA
280,HM_VHMF030_RT_R07_20190707-20190719_file_9_(2019_07_15-11_44_59)_155944_SE_VD.csv,start,stop,NA,NA
281,HM_VHMM007_LSLT_R17_20190707-20190719_file_9_(2019_07_15-11_44_59)_155944_LL_VD.csv,start,stop,NA,NA
282,HM_VHMM008_SHTB_R14_20190707-20190719_file_9_(2019_07_15-11_44_59)_155944_LL_VD.csv,start,stop,NA,NA
283,HM_VHMM016_LTTB_R29_20190707-20190719_file_9_(2019_07_15-11_44_59)_155944_HB_VD.csv,start,stop,NA,NA
284,HM_VHMM017_RSTB_R23_20190708-20190720_file_9_(2019_07_15-11_44_59)_155944_HB_VD.csv,start,stop,NA,NA
285,HM_VHMM021_MBLT_R01_20190707-20190719_file_9_(2019_07_15-11_44_59)_155944_LL_VD.csv,start,stop,NA,NA
286,HM_VHMM023_MBLS_R02_20190707-20190719_file_9_(2019_07_15-11_44_59)_155944_LL_VD.csv,start,stop,NA,NA
287,HM_VHMM032_RS_R15_20190707-20190719_file_9_(2019_07_15-11_44_59)_155944_SE_VD.csv,start,stop,NA,NA
288,HM_VCVM001_SOUNDFOC_20190716_1_BA.csv,start,stop,NA,NA
289,HM_VCVM001_SOUNDFOC_20190716_2_BA.csv,start,stop,NA,NA
290,HM_VHMF001_HTB_R20_20190707-20190719_file_10_(2019_07_16-11_44_59)_165944_HB_VD.csv,start,stop,NA,NA
291,HM_VHMF015_RTTB_R05_20190707-20190719_file_10_(2019_07_16-11_44_59)_165944_LL_VD.csv,start,stop,NA,NA
292,HM_VHMF019_MBTB_R25_20190707-20190719_file_10_(2019_07_16-11_44_59)_165944_HB_VD.csv,start,stop,NA,NA
293,HM_VHMF022_MBRS_R22_20190707-20190719_file_10_(2019_07_16-11_44_59)_165944_HB_VD.csv,start,start,stop,stop
294,HM_VHMF029_TB_R13_20190707-20190719_file_6_(2019_07_16-11_44_59)_165944_CM_VD.csv,start,stop,NA,NA
295,HM_VHMF030_RT_R07_20190707-20190719_file_10_(2019_07_16-11_44_59)_165944_CM_VD.csv,start,stop,NA,NA
296,HM_VHMM007_LSLT_R17_20190707-20190719_file_10_(2019_07_16-11_44_59)_165944_HB_VD.csv,start,stop,NA,NA
297,HM_VHMM008_SHTB_R14_20190707-20190719_file_10_(2019_07_16-11_44_59)_165944_LL_VD.csv,start,stop,NA,NA
298,HM_VHMM014_LSTB_R19_20190707-20190719_file_10_(2019_07_16-11_44_59)_165944_LL_VD.csv,start,start,stop,stop
299,HM_VHMM017_RSTB_R23_20190708-20190720_file_10_(2019_07_16-11_44_59)_165944_LL_VD.csv,start,stop,NA,NA
300,HM_VHMM021_MBLT_R01_20190707-20190719_file_10_(2019_07_16-11_44_59)_165944_HB_VD.csv,start,stop,NA,NA
301,HM_VHMM023_MBLS_R02_20190707-20190719_file_10_(2019_07_16-11_44_59)_165944_HB_VD.csv,start,start,stop,stop
302,HM_VHMM032_RS_R15_20190707-20190719_file_10_(2019_07_16-11_44_59)_165944_LL_VD.csv,start,stop,NA,NA
303,HM_VCVM001_SOUNDFOC_20190717_BA.csv,start,stop,NA,NA
304,HM_VHMF001_HTB_R20_20190707-20190719_file_11_(2019_07_17-11_44_59)_175944_FG_VD.csv,start,stop,NA,NA
305,HM_VHMF010_SOUNDFOC_20190717_1_BA.csv,start,stop,NA,NA
306,HM_VHMF010_SOUNDFOC_20190717_2_BA.csv,start,stop,NA,NA
307,HM_VHMF015_RTTB_R05_20190707-20190719_file_11_(2019_07_17-11_44_59)_175944_LL_VD.csv,start,stop,NA,NA
308,HM_VHMF022_MBRS_R22_20190707-20190719_file_11_(2019_07_17-11_44_59)_175944_LL_VD.csv,start,stop,NA,NA
309,HM_VHMF030_RT_R07_20190707-20190719_file_11_(2019_07_17-11_44_59)_175944_CM_VD.csv,start,stop,NA,NA
310,HM_VHMM007_LSLT_R17_20190707-20190719_file_11_(2019_07_17-11_44_59)_175944_LL_VD.csv,start,stop,NA,NA
311,HM_VHMM008_SHTB_R14_20190707-20190719_file_11_(2019_07_17-11_44_59)_175944_LL_VD.csv,start,stop,NA,NA
312,HM_VHMM014_LSTB_R19_20190707-20190719_file_11_(2019_07_17-11_44_59)_175944_BE_VD.csv,start,stop,NA,NA
313,HM_VHMM016_LTTB_R29_20190707-20190719_file_11_(2019_07_17-11_44_59)_175944_BE_VD.csv,start,stop,NA,NA
314,HM_VHMM017_RSTB_R23_20190708-20190720_file_11_(2019_07_17-11_44_59)_175944_BE_VD.csv,start,stop,NA,NA
315,HM_VHMM021_MBLT_R01_20190707-20190719_file_11_(2019_07_17-11_44_59)_175944_HB_VD.csv,start,stop,NA,NA
316,HM_VHMM023_MBLS_R02_20190707-20190719_file_11_(2019_07_17-11_44_59)_175944_FG_VD.csv,start,stop,NA,NA
317,HM_VHMM032_RS_R15_20190707-20190719_file_11_(2019_07_17-11_44_59)_175944_LL_VD.csv,start,stop,NA,NA
318,HM_VCVM001_SOUNDFOC_20190718_BA.csv,start,stop,NA,NA
319,HM_VHMF001_HTB_R20_20190707-20190719_file_12_(2019_07_18-11_44_59)_185944_LL_VD.csv,start,stop,NA,NA
320,HM_VHMF010_SOUNDFOC_20190718_1_oor.csv,start,stop,NA,NA
321,HM_VHMF010_SOUNDFOC_20190718_2_BA.csv,start,stop,NA,NA
322,HM_VHMF010_SOUNDFOC_20190718_3_BA.csv,start,stop,NA,NA
323,HM_VHMF010_SOUNDFOC_20190718_4_oor.csv,start,stop,NA,NA
324,HM_VHMF015_RTTB_R05_20190707-20190719_file_12_(2019_07_18-11_44_59)_185944_BE_VD.csv,start,stop,NA,NA
325,HM_VHMF019_MBTB_R25_20190707-20190719_file_12_(2019_07_18-11_44_59)_185944_FG_VD.csv,start,stop,NA,NA
326,HM_VHMF022_MBRS_R22_20190707-20190719_file_12_(2019_07_18-11_44_59)_185944_FG_VD.csv,start,stop,NA,NA
327,HM_VHMF030_RT_R07_20190707-20190719_file_12_(2019_07_18-11_44_59)_185944_CM_VD.csv,start,stop,NA,NA
328,HM_VHMM007_LSLT_R17_20190707-20190719_file_12_(2019_07_18-11_44_59)_185944_BE_VD.csv,start,stop,NA,NA
329,HM_VHMM008_SHTB_R14_20190707-20190719_file_12_(2019_07_18-11_44_59)_185944_BE_VD.csv,start,stop,NA,NA
330,HM_VHMM016_LTTB_R29_20190707-20190719_file_12_(2019_07_18-11_44_59)_185944_HB_VD.csv,start,stop,NA,NA
331,HM_VHMM017_RSTB_R23_20190708-20190720_file_12_(2019_07_18-11_44_59)_185944_HB_VD.csv,start,stop,NA,NA
332,HM_VHMM021_MBLT_R01_20190707-20190719_file_12_(2019_07_18-11_44_59)_185944_LL_VD.csv,start,stop,NA,NA
333,HM_VHMM023_MBLS_R02_20190707-20190719_file_12_(2019_07_18-11_44_59)_185944_HB_VD.csv,start,stop,NA,NA
334,HM_VHMM032_RS_R15_20190707-20190719_file_12_(2019_07_18-11_44_59)_185944_CM_VD.csv,start,stop,NA,NA
335,HM_VCVM001_SOUNDFOC_20190719_1_BA.csv,start,stop,NA,NA
336,HM_VCVM001_SOUNDFOC_20190719_2_BA.csv,start,stop,stop,NA
337,HM_VHMF001_HTB_R20_20190707-20190719_file_13_(2019_07_19-11_44_59)_195944_HB_VD.csv,start,stop,NA,NA
338,HM_VHMF015_RTTB_R05_20190707-20190719_file_13_(2019_07_19-11_44_59)_195944_HB_VD.csv,start,stop,NA,NA
339,HM_VHMF022_MBRS_R22_20190707-20190719_file_13_(2019_07_19-11_44_59)_195944_HB_VD.csv,start,stop,NA,NA
340,HM_VHMF030_RT_R07_20190707-20190719_file_13_(2019_07_19-11_44_59)_195944_JD_VD.csv,start,stop,NA,NA
341,HM_VHMM007_LSLT_R17_20190707-20190719_file_13_(2019_07_19-11_44_59)_195944_FG_VD.csv,start,stop,NA,NA
342,HM_VHMM008_SHTB_R14_20190707-20190719_file_13_(2019_07_19-11_44_59)_195944_FG_VD.csv,start,stop,NA,NA
343,HM_VHMM014_LSTB_R19_20190707-20190719_file_13_(2019_07_19-11_44_59)_195944_FG_VD.csv,start,stop,NA,NA
344,HM_VHMM016_LTTB_R29_20190707-20190719_file_13_(2019_07_19-11_44_59)_195944_LL_VD.csv,start,stop,NA,NA
345,HM_VHMM017_RSTB_R23_20190708-20190720_file_13_(2019_07_19-11_44_59)_195944_LL_VD.csv,start,stop,NA,NA
346,HM_VHMM021_MBLT_R01_20190707-20190719_file_13_(2019_07_19-11_44_59)_195944_BE_VD.csv,start,stop,NA,NA
347,HM_VHMM023_MBLS_R02_20190707-20190719_file_13_(2019_07_19-11_44_59)_195944_LL_VD.csv,start,stop,NA,NA
348,HM_VHMM032_RS_R15_20190707-20190719_file_13_(2019_07_19-11_44_59)_195944_JD_VD.csv,start,stop,NA,NA
349,L_VJXM095_SOUNDFOC_20190805_BA.csv,start,start,stop,stop
350,L_VLF230_MBRS_R08_20190805-20190812_file_6_(2019_08_05-07_44_59)_55944_LL_BA.csv,start,stop,NA,NA
351,L_VLF235_RSRTTBL_R26_20190705-20190712_file_6_(2019_08_05-07_44_59)_55944_JMR_VD.csv,start,stop,NA,NA
352,L_VLF241_HLT_R01_20190705-20190712_file_6_(2019_08_05-07_44_59)_55944_SE_VD.csv,start,stop,NA,NA
353,L_VLF244_HTBL_R02_20190705-20190712_file_6_(2019_08_05-07_44_59)_55944_SE_VD.csv,start,stop,NA,NA
354,L_VLF246_LTTBL_R14_20190705-20190712_file_6_(2019_08_05-07_44_59)_55944_CM_VD.csv,start,stop,NA,NA
355,L_VLF250_RT_R05_20190805-20190812_file_6_(2019_08_05-07_44_59)_55944_SE_VD.csv,start,stop,NA,NA
356,L_VLF255_H_R09_20190805-20190812_file_6_(2019_08_05-07_44_59)_55944_JD_VD.csv,start,stop,NA,NA
357,L_VLM234_SHMBTBL_R11_20190705-20190712_file_6_(2019_08_05-07_44_59)_55944_JMR_VD.csv,start,stop,NA,NA
358,L_VLM239_HTB_R10_20190705-20190712_file_6_(2019_08_05-07_44_59)_55944_JMR_VD.csv,start,stop,NA,NA
359,L_VLM242_SOUNDFOC_20190805_BA.csv,start,start,stop,stop
360,L_VLM245_RRTBL_R17_20190705-20190712_file_6_(2019_08_05-07_44_59)_55944_SE_VD.csv,start,stop,NA,NA
361,L_VLM248_LSTBL_R06_20190705-20190712_file_6_(2019_08_05-07_44_59)_55944_CM_VD.csv,start,stop,NA,NA
362,L_VLM251_LT_R21_20190805-20190812_file_2_(2019_08_05-07_44_59)_55944_SE_VD.csv,start,stop,NA,NA
363,L_VLM252_RS_R22_20190805-20190812_file_6_(2019_08_05-07_44_59)_55944_JD_VD.csv,start,stop,NA,NA
364,L_VJXM095_SOUNDFOC_20190806_1_SE_BA.csv,start,start,stop,stop
365,L_VJXM095_SOUNDFOC_20190806_2_SE_BA.csv,start,stop,stop,NA
366,L_VLF230_MBRS_R08_20190805-20190812_file_7_(2019_08_06-07_44_59)_65944_LL_BA.csv,start,stop,NA,NA
367,L_VLF235_RSRTTBL_R26_20190705-20190712_file_7_(2019_08_06-07_44_59)_65944_SE_VD.csv,start,stop,NA,NA
368,L_VLF240_SOUNDFOC_20190806_BA.csv,start,start,stop,stop
369,L_VLF241_HLT_R01_20190705-20190712_file_7_(2019_08_06-07_44_59)_65944_SK_VD.csv,start,stop,NA,NA
370,L_VLF244_HTBL_R02_20190705-20190712_file_7_(2019_08_06-07_44_59)_65944_JR_VD.csv,start,stop,NA,NA
371,L_VLF246_LTTBL_R14_20190705-20190712_file_7_(2019_08_06-07_44_59)_65944_SE_VD.csv,start,stop,NA,NA
372,L_VLF250_RT_R05_20190805-20190812_file_7_(2019_08_06-07_44_59)_65944_SA_VD.csv,start,stop,NA,NA
373,L_VLF255_H_R09_20190805-20190812_file_7_(2019_08_06-07_44_59)_65944_JD_VD.csv,start,stop,NA,NA
374,L_VLM234_SHMBTBL_R11_20190705-20190712_file_7_(2019_08_06-07_44_59)_65944_CM_VD.csv,start,stop,NA,NA
375,L_VLM239_HTB_R10_20190705-20190712_file_7_(2019_08_06-07_44_59)_65944_SE_VD.csv,start,stop,NA,NA
376,L_VLM245_RRTBL_R17_20190705-20190712_file_7_(2019_08_06-07_44_59)_65944_SK_VD.csv,start,stop,NA,NA
377,L_VLM248_LSTBL_R06_20190705-20190712_file_7_(2019_08_06-07_44_59)_65944_SE_VD.csv,start,stop,NA,NA
378,L_VLM251_LT_R21_20190805-20190812_file_3_(2019_08_06-07_44_59)_65944_CM_VD.csv,start,stop,NA,NA
379,L_VLM252_RS_R22_20190805-20190812_file_7_(2019_08_06-07_44_59)_65944_JD_VD.csv,start,stop,NA,NA
380,L_VJXM095_SOUNDFOC_20190807_SE_BA.csv,start,start,stop,stop
381,L_VLF230_MBRS_R08_20190805-20190812_file_8_(2019_08_07-07_44_59)_75944_LL_BA.csv,start,stop,NA,NA
382,L_VLF235_RSRTTBL_R26_20190705-20190712_file_8_(2019_08_07-07_44_59)_75944_CM_VD.csv,start,stop,NA,NA
383,L_VLF241_HLT_R01_20190705-20190712_file_8_(2019_08_07-07_44_59)_75944_JMR_VD.csv,start,stop,NA,NA
384,L_VLF244_HTBL_R02_20190705-20190712_file_8_(2019_08_07-07_44_59)_75944_JMR_VD.csv,start,stop,NA,NA
385,L_VLF246_LTTBL_R14_20190705-20190712_file_8_(2019_08_07-07_44_59)_75944_JMR_VD.csv,start,stop,NA,NA
386,L_VLF250_RT_R05_20190805-20190812_file_8_(2019_08_07-07_44_59)_75944_SE_VD.csv,start,stop,NA,NA
387,L_VLF255_H_R09_20190805-20190812_file_8_(2019_08_07-07_44_59)_75944_JD_VD.csv,start,stop,NA,NA
388,L_VLM234_SHMBTBL_R11_20190705-20190712_file_8_(2019_08_07-07_44_59)_75944_CM_VD.csv,start,stop,NA,NA
389,L_VLM239_HTB_R10_20190705-20190712_file_8_(2019_08_07-07_44_59)_75944_CM__VD.csv,start,stop,NA,NA
390,L_VLM245_RRTBL_R17_20190705-20190712_file_8_(2019_08_07-07_44_59)_75944_JMR_VD.csv,start,stop,NA,NA
391,L_VLM247_SOUNDFOC_20190807_1_SE_BA.csv,start,start,stop,stop
392,L_VLM247_SOUNDFOC_20190807_2_oor.csv,start,stop,NA,NA
393,L_VLM248_LSTBL_R06_20190705-20190712_file_8_(2019_08_07-07_44_59)_75944_JMR_VD.csv,start,stop,NA,NA
394,L_VLM251_LT_R21_20190805-20190812_file_4_(2019_08_07-07_44_59)_75944_CM_VD.csv,start,stop,NA,NA
395,L_VLM252_RS_R22_20190805-20190812_file_8_(2019_08_07-07_44_59)_75944_CM_VD.csv,start,stop,NA,NA
396,L_VJXM095_SOUNDFOC_20190808_LL_BA.csv,start,start,stop,stop
397,L_VLF230_MBRS_R08_20190805-20190812_file_9_(2019_08_08-07_44_59)_85944_LL_BA.csv,start,stop,NA,NA
398,L_VLF235_RSRTTBL_R26_20190705-20190712_file_9_(2019_08_08-07_44_59)_85944_CK_VD.csv,start,stop,NA,NA
399,L_VLF241_HLT_R01_20190705-20190712_file_9_(2019_08_08-07_44_59)_85944_LL_VD.csv,start,stop,NA,NA
400,L_VLF244_HTBL_R02_20190705-20190712_file_9_(2019_08_08-07_44_59)_85944_LL_VD.csv,start,stop,NA,NA
401,L_VLF246_LTTBL_R14_20190705-20190712_file_9_(2019_08_08-07_44_59)_85944_LL_VD.csv,start,stop,NA,NA
402,L_VLF250_RT_R05_20190805-20190812_file_9_(2019_08_08-07_44_59)_85944_JD_VD.csv,start,stop,NA,NA
403,L_VLF255_H_R09_20190805-20190812_file_9_(2019_08_08-07_44_59)_85944_LB_BA.csv,start,stop,NA,NA
404,L_VLM234_SHMBTBL_R11_20190705-20190712_file_9_(2019_08_08-07_44_59)_85944_CK_VD.csv,start,stop,NA,NA
405,L_VLM239_HTB_R10_20190705-20190712_file_9_(2019_08_08-07_44_59)_85944_SK_VD.csv,start,stop,NA,NA
406,L_VLM242_SOUNDFOC_20190808_1_markers.csv,start,start,stop,stop
407,L_VLM242_SOUNDFOC_20190808_2_oor.csv,start,stop,NA,NA
408,L_VLM245_RRTBL_R17_20190705-20190712_file_9_(2019_08_08-07_44_59)_85944_LL_VD.csv,start,stop,NA,NA
409,L_VLM248_LSTBL_R06_20190705-20190712_file_9_(2019_08_08-07_44_59)_85944_LL_VD.csv,start,stop,NA,NA
410,L_VLM251_LT_R21_20190805-20190812_file_5_(2019_08_08-07_44_59)_85944_markers_CM_LL.csv,start,stop,NA,NA
411,L_VLM252_RS_R22_20190805-20190812_file_9_(2019_08_08-07_44_59)_85944_markers_CM_LL.csv,start,stop,NA,NA
412,L_VJXM095_SOUNDFOC_20190809_SE_BA.csv,start,start,stop,NA
413,L_VLF230_MBRS_R08_20190805-20190812_file_10_(2019_08_09-07_44_59)_95944_LL_BA.csv,start,stop,NA,NA
414,L_VLF235_RSRTTBL_R26_20190805-20190812_file_10_(2019_08_09-07_44_59)_95944_LL_VD.csv,start,stop,NA,NA
415,L_VLF240_SOUNDFOC_20190809_1_SE_BA.csv,start,start,stop,stop
416,L_VLF240_SOUNDFOC_20190809_2_oor.csv,start,stop,NA,NA
417,L_VLF241_HLT_R01_20190805-20190812_file_10_(2019_08_09-07_44_59)_95944_CM_VD.csv,start,stop,NA,NA
418,L_VLF244_HTBL_R02_20190805-20190812_file_10_(2019_08_09-07_44_59)_95944_SK_VD.csv,start,stop,NA,NA
419,L_VLF246_LTTBL_R14_20190805-20190812_file_10_(2019_08_09-07_44_59)_95944_SK_VD.csv,start,stop,NA,NA
420,L_VLF250_RT_R05_20190805-20190812_file_10_(2019_08_09-07_44_59)_95944_JD_VD.csv,start,stop,NA,NA
421,L_VLF255_H_R09_20190805-20190812_file_10_(2019_08_09-07_44_59)_95944_LB_VD.csv,start,stop,NA,NA
422,L_VLM234_SHMBTBL_R11_20190705-20190712_file_10_(2019_08_09-07_44_59)_95944_LL_VD.csv,start,stop,NA,NA
423,L_VLM239_HTB_R10_20190805-20190812_file_10_(2019_08_09-07_44_59)_95944_CM_VD.csv,start,stop,NA,NA
424,L_VLM245_RRTBL_R17_20190705-20190712_file_10_(2019_08_09-07_44_59)_95944_JMR_VD.csv,start,stop,NA,NA
425,L_VLM248_LSTBL_R06_20190805-20190812_file_10_(2019_08_09-07_44_59)_95944_CM_VD.csv,start,stop,NA,NA
426,L_VLM251_LT_R21_20190805-20190812_file_6_(2019_08_09-07_44_59)_95944_CM_VD.csv,start,stop,NA,NA
427,L_VLM252_RS_R22_20190805-20190812_file_10_(2019_08_09-07_44_59)_95944_JD_VD.csv,start,stop,NA,NA
428,L_VJXM095_SOUNDFOC_20190810_SE_BA.csv,start,start,stop,stop
429,L_VLF230_MBRS_R08_20190805-20190812_file_11_(2019_08_10-07_44_59)_105944_LL_BA.csv,start,stop,NA,NA
430,L_VLF235_RSRTTBL_R26_20190805-20190812_file_11_(2019_08_10-07_44_59)_105944_LL_VD.csv,start,stop,NA,NA
431,L_VLF241_HLT_R01_20190805-20190812_file_11_(2019_08_10-07_44_59)_105944_JMR_VD.csv,start,stop,NA,NA
432,L_VLF244_HTBL_R02_20190805-20190812_file_11_(2019_08_10-07_44_59)_105944_JMR_VD.csv,start,stop,NA,NA
433,L_VLF246_LTTBL_R14_20190805-20190812_file_11_(2019_08_10-07_44_59)_105944_LL_VD.csv,start,stop,NA,NA
434,L_VLF250_RT_R05_20190705-20190712_file_11_(2019_08_10-07_44_59)_105944_JD_BA.csv,start,stop,NA,NA
435,L_VLF255_H_R09_20190805-20190812_file_11_(2019_08_10-07_44_59)_105944_LB_VD.csv,start,stop,NA,NA
436,L_VLM234_SHMBTBL_R11_20190805-20190812_file_11_(2019_08_10-07_44_59)_105944_CM_VD.csv,start,stop,NA,NA
437,L_VLM239_HTB_R10_20190705-20190712_file_11_(2019_08_10-07_44_59)_105944_LL_VD.csv,start,stop,NA,NA
438,L_VLM245_RRTBL_R17_20190805-20190812_file_11_(2019_08_10-07_44_59)_105944_JD_VD.csv,start,stop,NA,NA
439,L_VLM247_SOUNDFOC_20190810_1_oor.csv,start,stop,NA,NA
440,L_VLM247_SOUNDFOC_20190810_2_SE_BA.csv,start,start,stop,stop
441,L_VLM248_LSTBL_R06_20190805-20190812_file_11_(2019_08_10-07_44_59)_105944_JMR_VD.csv,start,stop,NA,NA
442,L_VLM251_LT_R21_20190805-20190812_file_7_(2019_08_10-07_44_59)_105944_LL_VD.csv,start,stop,NA,NA
443,L_VLM252_RS_R22_20190805-20190812_file_11_(2019_08_10-07_44_59)_105944_JD_VD.csv,start,stop,NA,NA
444,L_VJXM095_SOUNDFOC_20190811_1_LL_BA.csv,start,start,stop,stop
445,L_VJXM095_SOUNDFOC_20190811_2_oor.csv,start,stop,NA,NA
446,L_VLF230_MBRS_R08_20190805-20190812_file_12_(2019_08_11-07_44_59)_115944_LL_BA.csv,start,stop,NA,NA
447,L_VLF235_RSRTTBL_R26_20190805-20190812_file_12_(2019_08_11-07_44_59)_115944_LL_VD.csv,start,stop,NA,NA
448,L_VLF240_SOUNDFOC_20190811_LL_BA.csv,start,start,stop,stop
449,L_VLF241_HLT_R01_20190805-20190812_file_12_(2019_08_11-07_44_59)_115944_SE_VD.csv,start,stop,NA,NA
450,L_VLF244_HTBL_R02_20190805-20190812_file_12_(2019_08_11-07_44_59)_115944_LL_VD.csv,start,stop,NA,NA
451,L_VLF246_LTTBL_R14_20190805-20190812_file_12_(2019_08_11-07_44_59)_115944_LL_VD.csv,start,stop,NA,NA
452,L_VLF250_RT_R05_20190705-20190712_file_12_(2019_08_11-07_44_59)_115944_JD_BA.csv,start,stop,NA,NA
453,L_VLF255_H_R09_20190805-20190812_file_12_(2019_08_11-07_44_59)_115944_SE_BA.csv,start,stop,NA,NA
454,L_VLM234_SHMBTBL_R11_20190805-20190812_file_12_(2019_08_11-07_44_59)_115944_JD_VD.csv,start,stop,NA,NA
455,L_VLM245_RRTBL_R17_20190705-20190712_file_12_(2019_08_11-07_44_59)_115944_JD_VD.csv,start,stop,NA,NA
456,L_VLM248_LSTBL_R06_20190805-20190812_file_12_(2019_08_11-07_44_59)_115944_LL_VD.csv,start,stop,NA,NA
457,L_VLM251_LT_R21_20190805-20190812_file_8_(2019_08_11-07_44_59)_115944_CM_BA.csv,start,stop,NA,NA
458,L_VLM252_RS_R22_20190805-20190812_file_12_(2019_08_11-07_44_59)_115944_LL_BA.csv,start,stop,NA,NA
459,L_VJXM095_SOUNDFOC_20190812_LL_BA.csv,start,start,stop,stop
460,L_VLF230_MBRS_R08_20190805-20190812_file_13_(2019_08_12-07_44_59)_125944_LL_BA.csv,start,stop,NA,NA
461,L_VLF235_RSRTTBL_R26_20190705-20190712_file_13_(2019_08_12-07_44_59)_125944_JD_VD.csv,start,stop,NA,NA
462,L_VLF241_HLT_R01_20190805-20190812_file_13_(2019_08_12-07_44_59)_125944_SE_VD.csv,start,stop,NA,NA
463,L_VLF244_HTBL_R02_20190805-20190812_file_13_(2019_08_12-07_44_59)_125944_SE_VD.csv,start,stop,NA,NA
464,L_VLF246_LTTBL_R14_20190805-20190812_file_13_(2019_08_12-07_44_59)_125944_JD_VD.csv,start,stop,NA,NA
465,L_VLF250_RT_R05_20190805-20190812_file_13_(2019_08_12-07_44_59)_125944_SE_BA.csv,start,stop,NA,NA
466,L_VLF255_H_R09_20190805-20190812_file_13_(2019_08_12-07_44_59)_125944_SE_BA.csv,start,stop,NA,NA
467,L_VLM234_SHMBTBL_R11_20190805-20190812_file_13_(2019_08_12-07_44_59)_125944_SE_VD.csv,start,stop,NA,NA
468,L_VLM242_SOUNDFOC_20190812_LL_BA.csv,start,start,stop,stop
469,L_VLM245_RRTBL_R17_20190805-20190812_file_13_(2019_08_12-07_44_59)_125944_CM_VD.csv,start,stop,NA,NA
470,L_VLM248_LSTBL_R06_20190705-20190712_file_13_(2019_08_12-07_44_59)_125944_CM_VD.csv,start,stop,NA,NA
471,L_VLM251_LT_R21_20190805-20190812_file_9_(2019_08_12-07_44_59)_125944_CM_BA.csv,start,stop,NA,NA
472,L_VLM252_RS_R22_20190705-20190712_file_13_(2019_08_12-07_44_59)_125944_JD_BA.csv,start,stop,NA,NA
